2024-11-19 13:50:41.183369,0.09
2024-11-19 13:50:42.195641,0.09
2024-11-19 13:50:43.200893,0.09
2024-11-19 13:50:44.201183,0.09
2024-11-19 13:50:45.206819,0.09
2024-11-19 13:50:46.198779,0.09
2024-11-19 13:50:47.210326,0.09
2024-11-19 13:50:48.216672,0.09
2024-11-19 13:50:49.219082,0.09
2024-11-19 13:50:50.224568,0.09
2024-11-19 13:50:51.230580,0.09
2024-11-19 13:50:52.236195,0.09
2024-11-19 13:50:53.236553,0.09
2024-11-19 13:50:54.242407,0.09
2024-11-19 13:50:55.242242,0.09
2024-11-19 13:50:56.248384,0.09
2024-11-19 13:50:57.246993,0.09
2024-11-19 13:50:58.254205,0.09
2024-11-19 13:50:59.259636,0.09
2024-11-19 13:51:00.259833,0.12
2024-11-19 13:51:01.265926,0.12
2024-11-19 13:51:02.266231,0.12
2024-11-19 13:51:03.277354,0.15
2024-11-19 13:51:04.276469,0.19
2024-11-19 13:51:05.283207,0.19
2024-11-19 13:51:06.283590,0.24
2024-11-19 13:51:07.289430,0.19
2024-11-19 13:51:08.289255,0.24
2024-11-19 13:51:09.295127,0.19
2024-11-19 13:51:10.295509,0.19
2024-11-19 13:51:11.301096,0.15
2024-11-19 13:51:12.307055,0.12
2024-11-19 13:51:13.306730,0.15
2024-11-19 13:51:14.313029,0.19
2024-11-19 13:51:15.318938,0.19
2024-11-19 13:51:16.324797,0.19
2024-11-19 13:51:17.324872,0.19
2024-11-19 13:51:18.330768,0.15
2024-11-19 13:51:19.330759,0.15
2024-11-19 13:51:20.336448,0.12
2024-11-19 13:51:21.341854,0.15
2024-11-19 13:51:22.342035,0.12
2024-11-19 13:51:23.348026,0.12
2024-11-19 13:51:24.348490,0.12
2024-11-19 13:51:25.353975,0.12
2024-11-19 13:51:26.353920,0.12
2024-11-19 13:51:27.365840,0.12
2024-11-19 13:51:28.365847,0.09
2024-11-19 13:51:29.371483,0.09
2024-11-19 13:51:30.372093,0.09
2024-11-19 13:51:31.377320,0.09
2024-11-19 13:51:32.370910,0.09
2024-11-19 13:51:33.384373,0.09
2024-11-19 13:51:34.389412,0.09
2024-11-19 13:51:35.389121,0.09
2024-11-19 13:51:36.395043,0.09
2024-11-19 13:51:37.395177,0.09
2024-11-19 13:51:38.400952,0.09
2024-11-19 13:51:39.406856,0.09
2024-11-19 13:51:40.413069,0.09
2024-11-19 13:51:41.412800,0.09
2024-11-19 13:51:42.418573,0.09
2024-11-19 13:51:43.424375,0.09
2024-11-19 13:51:44.424452,0.09
2024-11-19 13:51:45.430767,0.09
2024-11-19 13:51:46.431001,0.09
2024-11-19 13:51:47.436400,0.09
2024-11-19 13:51:48.435825,0.09
2024-11-19 13:51:49.442163,0.09
2024-11-19 13:51:50.448535,0.09
2024-11-19 13:51:51.454560,0.09
2024-11-19 13:51:52.457622,0.09
2024-11-19 13:51:53.459927,0.09
2024-11-19 13:51:54.460598,0.09
2024-11-19 13:51:55.465597,0.09
2024-11-19 13:51:56.471900,0.09
2024-11-19 13:51:57.471540,0.09
2024-11-19 13:51:58.477353,0.09
2024-11-19 13:51:59.482842,0.09
2024-11-19 13:52:00.482785,0.09
2024-11-19 13:52:01.489288,0.07
2024-11-19 13:52:02.494975,0.09
2024-11-19 13:52:03.494979,0.09
2024-11-19 13:52:04.500820,0.09
2024-11-19 13:52:05.495456,0.07
2024-11-19 13:52:06.506839,0.09
2024-11-19 13:52:07.512765,0.09
2024-11-19 13:52:08.513038,0.07
2024-11-19 13:52:09.518815,0.07
2024-11-19 13:52:10.523953,0.07
2024-11-19 13:52:11.524306,0.09
2024-11-19 13:52:12.530532,0.09
2024-11-19 13:52:13.530009,0.07
2024-11-19 13:52:14.536144,0.09
2024-11-19 13:52:15.530359,0.07
2024-11-19 13:52:16.548057,0.07
2024-11-19 13:52:17.547803,0.09
2024-11-19 13:52:18.554111,0.09
2024-11-19 13:52:19.553516,0.09
2024-11-19 13:52:20.559350,0.09
2024-11-19 13:52:21.565101,0.09
2024-11-19 13:52:22.565406,0.07
2024-11-19 13:52:23.571064,0.09
2024-11-19 13:52:24.571350,0.07
2024-11-19 13:52:25.577344,0.07
2024-11-19 13:52:26.583181,0.09
2024-11-19 13:52:27.588921,0.07
2024-11-19 13:52:28.586573,0.07
2024-11-19 13:52:29.594981,0.09
2024-11-19 13:52:30.596652,0.07
2024-11-19 13:52:31.600718,0.07
2024-11-19 13:52:32.606221,0.07
2024-11-19 13:52:33.606573,0.07
2024-11-19 13:52:34.612503,0.07
2024-11-19 13:52:35.612833,0.07
2024-11-19 13:52:36.618529,0.07
2024-11-19 13:52:37.624607,0.09
2024-11-19 13:52:38.630309,0.07
2024-11-19 13:52:39.630109,0.07
2024-11-19 13:52:40.636230,0.07
2024-11-19 13:52:41.635769,0.07
2024-11-19 13:52:42.641864,0.07
2024-11-19 13:52:43.647376,0.07
2024-11-19 13:52:44.648065,0.07
2024-11-19 13:52:45.653692,0.07
2024-11-19 13:52:46.653668,0.07
2024-11-19 13:52:47.659655,0.07
2024-11-19 13:52:48.659201,0.07
2024-11-19 13:52:49.671332,0.07
2024-11-19 13:52:50.670827,0.07
2024-11-19 13:52:51.677080,0.07
2024-11-19 13:52:52.677257,0.07
2024-11-19 13:52:53.684811,0.07
2024-11-19 13:52:54.688719,0.09
2024-11-19 13:52:55.683403,0.07
2024-11-19 13:52:56.694853,0.07
2024-11-19 13:52:57.694481,0.07
2024-11-19 13:52:58.702072,0.07
2024-11-19 13:52:59.704169,0.07
2024-11-19 13:53:00.712321,0.09
2024-11-19 13:53:01.712092,0.09
2024-11-19 13:53:02.718170,0.07
2024-11-19 13:53:03.718777,0.07
2024-11-19 13:53:04.723998,0.07
2024-11-19 13:53:05.729587,0.07
2024-11-19 13:53:06.730230,0.07
2024-11-19 13:53:07.735498,0.07
2024-11-19 13:53:08.735843,0.09
2024-11-19 13:53:09.736221,0.07
2024-11-19 13:53:10.741314,0.07
2024-11-19 13:53:11.748637,0.07
2024-11-19 13:53:12.753091,0.07
2024-11-19 13:53:13.759297,0.07
2024-11-19 13:53:14.759216,0.07
2024-11-19 13:53:15.753683,0.07
2024-11-19 13:53:16.770769,0.07
2024-11-19 13:53:17.770769,0.07
2024-11-19 13:53:18.776749,0.07
2024-11-19 13:53:19.772861,0.07
2024-11-19 13:53:20.782953,0.07
2024-11-19 13:53:21.783159,0.07
2024-11-19 13:53:22.788598,0.07
2024-11-19 13:53:23.794627,0.07
2024-11-19 13:53:24.800539,0.07
2024-11-19 13:53:25.800365,0.07
2024-11-19 13:53:26.800116,0.07
2024-11-19 13:53:27.800851,0.07
2024-11-19 13:53:28.812463,0.07
2024-11-19 13:53:29.818194,0.07
2024-11-19 13:53:30.817817,0.07
2024-11-19 13:53:31.825475,0.09
2024-11-19 13:53:32.817250,0.07
2024-11-19 13:53:33.831693,0.07
2024-11-19 13:53:34.835538,0.07
2024-11-19 13:53:35.832162,0.07
2024-11-19 13:53:36.835840,0.07
2024-11-19 13:53:37.849183,0.07
2024-11-19 13:53:38.842670,0.07
2024-11-19 13:53:39.845102,0.07
2024-11-19 13:53:40.852602,0.07
2024-11-19 13:53:41.856605,0.07
2024-11-19 13:53:42.864839,0.07
2024-11-19 13:53:43.865076,0.07
2024-11-19 13:53:44.869893,0.07
2024-11-19 13:53:45.876436,0.07
2024-11-19 13:53:46.876146,0.07
2024-11-19 13:53:47.882810,0.07
2024-11-19 13:53:48.891204,0.07
2024-11-19 13:53:49.880756,0.07
2024-11-19 13:53:50.897839,0.07
2024-11-19 13:53:51.901321,0.07
2024-11-19 13:53:52.890231,0.07
2024-11-19 13:53:53.908127,0.07
2024-11-19 13:53:54.899608,0.07
2024-11-19 13:53:55.914835,0.07
2024-11-19 13:53:56.917450,0.07
2024-11-19 13:53:57.920812,0.09
2024-11-19 13:53:58.917929,0.07
2024-11-19 13:53:59.923256,0.07
2024-11-19 13:54:00.930930,0.07
2024-11-19 13:54:01.939170,0.07
2024-11-19 13:54:02.941261,0.07
2024-11-19 13:54:03.934954,0.07
2024-11-19 13:54:04.948002,0.07
2024-11-19 13:54:05.952592,0.07
2024-11-19 13:54:06.952860,0.07
2024-11-19 13:54:07.959385,0.07
2024-11-19 13:54:08.953482,0.07
2024-11-19 13:54:09.966275,0.07
2024-11-19 13:54:10.970330,0.07
2024-11-19 13:54:11.972149,0.07
2024-11-19 13:54:12.980364,0.07
2024-11-19 13:54:13.983745,0.07
2024-11-19 13:54:14.982678,0.07
2024-11-19 13:54:15.990563,0.07
2024-11-19 13:54:16.993914,0.07
2024-11-19 13:54:17.996215,0.07
2024-11-19 13:54:18.999789,0.07
2024-11-19 13:54:20.000873,0.07
2024-11-19 13:54:21.005743,0.07
2024-11-19 13:54:22.012144,0.07
2024-11-19 13:54:23.017671,0.07
2024-11-19 13:54:24.018338,0.07
2024-11-19 13:54:25.023813,0.07
2024-11-19 13:54:26.023387,0.07
2024-11-19 13:54:27.029297,0.07
2024-11-19 13:54:28.035187,0.07
2024-11-19 13:54:29.035498,0.07
2024-11-19 13:54:30.041408,0.07
2024-11-19 13:54:31.041155,0.07
2024-11-19 13:54:32.047693,0.07
2024-11-19 13:54:33.038382,0.07
2024-11-19 13:54:34.052101,0.07
2024-11-19 13:54:35.062374,0.07
2024-11-19 13:54:36.060040,0.07
2024-11-19 13:54:37.069416,0.07
2024-11-19 13:54:38.072917,0.07
2024-11-19 13:54:39.076254,0.07
2024-11-19 13:54:40.076964,0.07
2024-11-19 13:54:41.082081,0.07
2024-11-19 13:54:42.082049,0.07
2024-11-19 13:54:43.088117,0.07
2024-11-19 13:54:44.088642,0.07
2024-11-19 13:54:45.100469,0.07
2024-11-19 13:54:46.099769,0.07
2024-11-19 13:54:47.106186,0.07
2024-11-19 13:54:48.106053,0.07
2024-11-19 13:54:49.111991,0.07
2024-11-19 13:54:50.117614,0.07
2024-11-19 13:54:51.120078,0.07
2024-11-19 13:54:52.110715,0.07
2024-11-19 13:54:53.118221,0.07
2024-11-19 13:54:54.124495,0.07
2024-11-19 13:54:55.129346,0.07
2024-11-19 13:54:56.135407,0.07
2024-11-19 13:54:57.141454,0.07
2024-11-19 13:54:58.147302,0.07
2024-11-19 13:54:59.147076,0.07
2024-11-19 13:55:00.153180,0.07
2024-11-19 13:55:01.158551,0.07
2024-11-19 13:55:02.158664,0.07
2024-11-19 13:55:03.164762,0.05
2024-11-19 13:55:04.165158,0.07
2024-11-19 13:55:05.170655,0.07
2024-11-19 13:55:06.170297,0.07
2024-11-19 13:55:07.175975,0.07
2024-11-19 13:55:08.182481,0.07
2024-11-19 13:55:09.188281,0.07
2024-11-19 13:55:10.188081,0.07
2024-11-19 13:55:11.193972,0.07
2024-11-19 13:55:12.199733,0.07
2024-11-19 13:55:13.200100,0.07
2024-11-19 13:55:14.205898,0.07
2024-11-19 13:55:15.206063,0.07
2024-11-19 13:55:16.211818,0.07
2024-11-19 13:55:17.212014,0.07
2024-11-19 13:55:18.217539,0.07
2024-11-19 13:55:19.217861,0.05
2024-11-19 13:55:20.229402,0.07
2024-11-19 13:55:21.229396,0.07
2024-11-19 13:55:22.235191,0.07
2024-11-19 13:55:23.240688,0.07
2024-11-19 13:55:24.244547,0.07
2024-11-19 13:55:25.246997,0.07
2024-11-19 13:55:26.246625,0.07
2024-11-19 13:55:27.253384,0.07
2024-11-19 13:55:28.252641,0.07
2024-11-19 13:55:29.258419,0.07
2024-11-19 13:55:30.264480,0.07
2024-11-19 13:55:31.264644,0.07
2024-11-19 13:55:32.270818,0.07
2024-11-19 13:55:33.276878,0.07
2024-11-19 13:55:34.275076,0.07
2024-11-19 13:55:35.273262,0.07
2024-11-19 13:55:36.287697,0.07
2024-11-19 13:55:37.287914,0.07
2024-11-19 13:55:38.294304,0.07
2024-11-19 13:55:39.293434,0.07
2024-11-19 13:55:40.299372,0.07
2024-11-19 13:55:41.306129,0.07
2024-11-19 13:55:42.305549,0.07
2024-11-19 13:55:43.302598,0.07
2024-11-19 13:55:44.317636,0.05
2024-11-19 13:55:45.323526,0.07
2024-11-19 13:55:46.323459,0.07
2024-11-19 13:55:47.329237,0.07
2024-11-19 13:55:48.318770,0.07
2024-11-19 13:55:49.335145,0.07
2024-11-19 13:55:50.334785,0.07
2024-11-19 13:55:51.340939,0.07
2024-11-19 13:55:52.346877,0.07
2024-11-19 13:55:53.346671,0.07
2024-11-19 13:55:54.352640,0.07
2024-11-19 13:55:55.358258,0.07
2024-11-19 13:55:56.364616,0.07
2024-11-19 13:55:57.364939,0.07
2024-11-19 13:55:58.370687,0.07
2024-11-19 13:55:59.370365,0.05
2024-11-19 13:56:00.376162,0.07
2024-11-19 13:56:01.381538,0.07
2024-11-19 13:56:02.378296,0.07
2024-11-19 13:56:03.387555,0.07
2024-11-19 13:56:04.377657,0.07
2024-11-19 13:56:05.393891,0.07
2024-11-19 13:56:06.399687,0.05
2024-11-19 13:56:07.400134,0.05
2024-11-19 13:56:08.407113,0.07
2024-11-19 13:56:09.406347,0.07
2024-11-19 13:56:10.411518,0.07
2024-11-19 13:56:11.417350,0.07
2024-11-19 13:56:12.422876,0.07
2024-11-19 13:56:13.423627,0.07
2024-11-19 13:56:14.429181,0.07
2024-11-19 13:56:15.428948,0.07
2024-11-19 13:56:16.435084,0.07
2024-11-19 13:56:17.425841,0.07
2024-11-19 13:56:18.447133,0.07
2024-11-19 13:56:19.446809,0.07
2024-11-19 13:56:20.452975,0.07
2024-11-19 13:56:21.452869,0.07
2024-11-19 13:56:22.458483,0.07
2024-11-19 13:56:23.464023,0.07
2024-11-19 13:56:24.464216,0.07
2024-11-19 13:56:25.470343,0.07
2024-11-19 13:56:26.470137,0.07
2024-11-19 13:56:27.476233,0.07
2024-11-19 13:56:28.476186,0.07
2024-11-19 13:56:29.488003,0.07
2024-11-19 13:56:30.487815,0.07
2024-11-19 13:56:31.493897,0.05
2024-11-19 13:56:32.493676,0.05
2024-11-19 13:56:33.499479,0.05
2024-11-19 13:56:34.504984,0.07
2024-11-19 13:56:35.505149,0.07
2024-11-19 13:56:36.511364,0.07
2024-11-19 13:56:37.511165,0.07
2024-11-19 13:56:38.517375,0.07
2024-11-19 13:56:39.517189,0.07
2024-11-19 13:56:40.523003,0.07
2024-11-19 13:56:41.529290,0.05
2024-11-19 13:56:42.535342,0.05
2024-11-19 13:56:43.534921,0.07
2024-11-19 13:56:44.540781,0.07
2024-11-19 13:56:45.546215,0.07
2024-11-19 13:56:46.546623,0.07
2024-11-19 13:56:47.552590,0.07
2024-11-19 13:56:48.552331,0.07
2024-11-19 13:56:49.558219,0.07
2024-11-19 13:56:50.558257,0.05
2024-11-19 13:56:51.564219,0.05
2024-11-19 13:56:52.563097,0.05
2024-11-19 13:56:53.575948,0.07
2024-11-19 13:56:54.575988,0.09
2024-11-19 13:56:55.581807,0.09
2024-11-19 13:56:56.587323,0.07
2024-11-19 13:56:57.587919,0.07
2024-11-19 13:56:58.593675,0.07
2024-11-19 13:56:59.593345,0.07
2024-11-19 13:57:00.599665,0.07
2024-11-19 13:57:01.599272,0.07
2024-11-19 13:57:02.605379,0.07
2024-11-19 13:57:03.610842,0.09
2024-11-19 13:57:04.616854,0.09
2024-11-19 13:57:05.619399,0.09
2024-11-19 13:57:06.623348,0.07
2024-11-19 13:57:07.628533,0.07
2024-11-19 13:57:08.628400,0.07
2024-11-19 13:57:09.634904,0.07
2024-11-19 13:57:10.634308,0.07
2024-11-19 13:57:11.640633,0.07
2024-11-19 13:57:12.640345,0.07
2024-11-19 13:57:13.645982,0.07
2024-11-19 13:57:14.651964,0.07
2024-11-19 13:57:15.657908,0.07
2024-11-19 13:57:16.653193,0.07
2024-11-19 13:57:17.663632,0.07
2024-11-19 13:57:18.669665,0.07
2024-11-19 13:57:19.669953,0.07
2024-11-19 13:57:20.675873,0.07
2024-11-19 13:57:21.675629,0.07
2024-11-19 13:57:22.681873,0.07
2024-11-19 13:57:23.681159,0.07
2024-11-19 13:57:24.687615,0.07
2024-11-19 13:57:25.693435,0.07
2024-11-19 13:57:26.693327,0.07
2024-11-19 13:57:27.698925,0.07
2024-11-19 13:57:28.705274,0.07
2024-11-19 13:57:29.710879,0.07
2024-11-19 13:57:30.710653,0.07
2024-11-19 13:57:31.716945,0.07
2024-11-19 13:57:32.717085,0.07
2024-11-19 13:57:33.722689,0.07
2024-11-19 13:57:34.725039,0.07
2024-11-19 13:57:35.731165,0.07
2024-11-19 13:57:36.734414,0.09
2024-11-19 13:57:37.734623,0.09
2024-11-19 13:57:38.740164,0.09
2024-11-19 13:57:39.746318,0.09
2024-11-19 13:57:40.747463,0.07
2024-11-19 13:57:41.751974,0.09
2024-11-19 13:57:42.757912,0.07
2024-11-19 13:57:43.757944,0.07
2024-11-19 13:57:44.763652,0.07
2024-11-19 13:57:45.767339,0.07
2024-11-19 13:57:46.763278,0.07
2024-11-19 13:57:47.776062,0.07
2024-11-19 13:57:48.778620,0.07
2024-11-19 13:57:49.777682,0.07
2024-11-19 13:57:50.789439,0.07
2024-11-19 13:57:51.786853,0.07
2024-11-19 13:57:52.797018,0.07
2024-11-19 13:57:53.794452,0.07
2024-11-19 13:57:54.797535,0.07
2024-11-19 13:57:55.802618,0.07
2024-11-19 13:57:56.809969,0.07
2024-11-19 13:57:57.798466,0.07
2024-11-19 13:57:58.802236,0.07
2024-11-19 13:57:59.816513,0.07
2024-11-19 13:58:00.814142,0.07
2024-11-19 13:58:01.822097,0.07
2024-11-19 13:58:02.834520,0.07
2024-11-19 13:58:03.834470,0.07
2024-11-19 13:58:04.840088,0.07
2024-11-19 13:58:05.845080,0.07
2024-11-19 13:58:06.843930,0.05
2024-11-19 13:58:07.845387,0.07
2024-11-19 13:58:08.851610,0.07
2024-11-19 13:58:09.850155,0.07
2024-11-19 13:58:10.856962,0.05
2024-11-19 13:58:11.860659,0.07
2024-11-19 13:58:12.862082,0.07
2024-11-19 13:58:13.863436,0.07
2024-11-19 13:58:14.870330,0.07
2024-11-19 13:58:15.876785,0.07
2024-11-19 13:58:16.880625,0.07
2024-11-19 13:58:17.877249,0.07
2024-11-19 13:58:18.888312,0.07
2024-11-19 13:58:19.892498,0.05
2024-11-19 13:58:20.885690,0.05
2024-11-19 13:58:21.901029,0.07
2024-11-19 13:58:22.905229,0.07
2024-11-19 13:58:23.903643,0.07
2024-11-19 13:58:24.904876,0.07
2024-11-19 13:58:25.909558,0.07
2024-11-19 13:58:26.915860,0.07
2024-11-19 13:58:27.921636,0.07
2024-11-19 13:58:28.924397,0.07
2024-11-19 13:58:29.929682,0.07
2024-11-19 13:58:30.933772,0.07
2024-11-19 13:58:31.929063,0.05
2024-11-19 13:58:32.930063,0.07
2024-11-19 13:58:33.943507,0.07
2024-11-19 13:58:34.946955,0.07
2024-11-19 13:58:35.945852,0.05
2024-11-19 13:58:36.955746,0.07
2024-11-19 13:58:37.955410,0.07
2024-11-19 13:58:38.957723,0.07
2024-11-19 13:58:39.965857,0.07
2024-11-19 13:58:40.976111,0.07
2024-11-19 13:58:41.966950,0.07
2024-11-19 13:58:42.981630,0.07
2024-11-19 13:58:43.984978,0.07
2024-11-19 13:58:44.976359,0.05
2024-11-19 13:58:45.985394,0.07
2024-11-19 13:58:46.988688,0.07
2024-11-19 13:58:47.986926,0.07
2024-11-19 13:58:48.992727,0.07
2024-11-19 13:58:49.996277,0.05
2024-11-19 13:58:51.010129,0.07
2024-11-19 13:58:52.012999,0.07
2024-11-19 13:58:53.019895,0.05
2024-11-19 13:58:54.017858,0.07
2024-11-19 13:58:55.023706,0.07
2024-11-19 13:58:56.028432,0.05
2024-11-19 13:58:57.028473,0.07
2024-11-19 13:58:58.026568,0.07
2024-11-19 13:58:59.029212,0.05
2024-11-19 13:59:00.036693,0.05
2024-11-19 13:59:01.043732,0.07
2024-11-19 13:59:02.047056,0.07
2024-11-19 13:59:03.058859,0.05
2024-11-19 13:59:04.053500,0.05
2024-11-19 13:59:05.051554,0.05
2024-11-19 13:59:06.053994,0.05
2024-11-19 13:59:07.061150,0.07
2024-11-19 13:59:08.074720,0.05
2024-11-19 13:59:09.073402,0.05
2024-11-19 13:59:10.082103,0.07
2024-11-19 13:59:11.082388,0.07
2024-11-19 13:59:12.088590,0.07
2024-11-19 13:59:13.094058,0.07
2024-11-19 13:59:14.100301,0.07
2024-11-19 13:59:15.100540,0.07
2024-11-19 13:59:16.106050,0.07
2024-11-19 13:59:17.105971,0.05
2024-11-19 13:59:18.113817,0.07
2024-11-19 13:59:19.115091,0.05
2024-11-19 13:59:20.117960,0.05
2024-11-19 13:59:21.123692,0.07
2024-11-19 13:59:22.123858,0.05
2024-11-19 13:59:23.129624,0.05
2024-11-19 13:59:24.130506,0.07
2024-11-19 13:59:25.141107,0.05
2024-11-19 13:59:26.141347,0.05
2024-11-19 13:59:27.147477,0.05
2024-11-19 13:59:28.147289,0.05
2024-11-19 13:59:29.154889,0.07
2024-11-19 13:59:30.158812,0.05
2024-11-19 13:59:31.158966,0.05
2024-11-19 13:59:32.165008,0.07
2024-11-19 13:59:33.165086,0.05
2024-11-19 13:59:34.171113,0.07
2024-11-19 13:59:35.177471,0.07
2024-11-19 13:59:36.182930,0.07
2024-11-19 13:59:37.183680,0.05
2024-11-19 13:59:38.188838,0.05
2024-11-19 13:59:39.188777,0.07
2024-11-19 13:59:40.194560,0.07
2024-11-19 13:59:41.195192,0.05
2024-11-19 13:59:42.201024,0.05
2024-11-19 13:59:43.196373,0.07
2024-11-19 13:59:44.206650,0.07
2024-11-19 13:59:45.214300,0.07
2024-11-19 13:59:46.218831,0.07
2024-11-19 13:59:47.224416,0.05
2024-11-19 13:59:48.224522,0.05
2024-11-19 13:59:49.220442,0.07
2024-11-19 13:59:50.229963,0.05
2024-11-19 13:59:51.236710,0.05
2024-11-19 13:59:52.241727,0.07
2024-11-19 13:59:53.241670,0.07
2024-11-19 13:59:54.248158,0.07
2024-11-19 13:59:55.248070,0.07
2024-11-19 13:59:56.253666,0.05
2024-11-19 13:59:57.260032,0.05
2024-11-19 13:59:58.265893,0.05
2024-11-19 13:59:59.265701,0.05
2024-11-19 14:00:00.272142,0.05
2024-11-19 14:00:01.271592,0.07
2024-11-19 14:00:02.277191,0.07
2024-11-19 14:00:03.283185,0.05
2024-11-19 14:00:04.283448,0.07
2024-11-19 14:00:05.289779,0.07
2024-11-19 14:00:06.293418,0.05
2024-11-19 14:00:07.295793,0.07
2024-11-19 14:00:08.295163,0.07
2024-11-19 14:00:09.307839,0.07
2024-11-19 14:00:10.307241,0.05
2024-11-19 14:00:11.313572,0.07
2024-11-19 14:00:12.312731,0.07
2024-11-19 14:00:13.319142,0.07
2024-11-19 14:00:14.319414,0.05
2024-11-19 14:00:15.325112,0.07
2024-11-19 14:00:16.330654,0.05
2024-11-19 14:00:17.330775,0.07
2024-11-19 14:00:18.338573,0.05
2024-11-19 14:00:19.336758,0.07
2024-11-19 14:00:20.338321,0.07
2024-11-19 14:00:21.348640,0.07
2024-11-19 14:00:22.354485,0.07
2024-11-19 14:00:23.354431,0.07
2024-11-19 14:00:24.360531,0.07
2024-11-19 14:00:25.366124,0.05
2024-11-19 14:00:26.366567,0.05
2024-11-19 14:00:27.372544,0.05
2024-11-19 14:00:28.372461,0.05
2024-11-19 14:00:29.378166,0.05
2024-11-19 14:00:30.378150,0.05
2024-11-19 14:00:31.386121,0.07
2024-11-19 14:00:32.389968,0.07
2024-11-19 14:00:33.395861,0.07
2024-11-19 14:00:34.400434,0.07
2024-11-19 14:00:35.401820,0.07
2024-11-19 14:00:36.407414,0.05
2024-11-19 14:00:37.407950,0.05
2024-11-19 14:00:38.413853,0.07
2024-11-19 14:00:39.413783,0.05
2024-11-19 14:00:40.419631,0.05
2024-11-19 14:00:41.420028,0.05
2024-11-19 14:00:42.428500,0.05
2024-11-19 14:00:43.431502,0.05
2024-11-19 14:00:44.437592,0.05
2024-11-19 14:00:45.437842,0.07
2024-11-19 14:00:46.443592,0.05
2024-11-19 14:00:47.434530,0.05
2024-11-19 14:00:48.449231,0.05
2024-11-19 14:00:49.455618,0.05
2024-11-19 14:00:50.455090,0.07
2024-11-19 14:00:51.461041,0.05
2024-11-19 14:00:52.466573,0.05
2024-11-19 14:00:53.467026,0.07
2024-11-19 14:00:54.471723,0.07
2024-11-19 14:00:55.478957,0.05
2024-11-19 14:00:56.478904,0.07
2024-11-19 14:00:57.485215,0.05
2024-11-19 14:00:58.490867,0.07
2024-11-19 14:00:59.490801,0.05
2024-11-19 14:01:00.496242,0.05
2024-11-19 14:01:01.496491,0.05
2024-11-19 14:01:02.502287,0.07
2024-11-19 14:01:03.508032,0.07
2024-11-19 14:01:04.508429,0.07
2024-11-19 14:01:05.514438,0.05
2024-11-19 14:01:06.519965,0.07
2024-11-19 14:01:07.522792,0.05
2024-11-19 14:01:08.525748,0.05
2024-11-19 14:01:09.532150,0.05
2024-11-19 14:01:10.532055,0.05
2024-11-19 14:01:11.538084,0.05
2024-11-19 14:01:12.538059,0.05
2024-11-19 14:01:13.543972,0.05
2024-11-19 14:01:14.544298,0.05
2024-11-19 14:01:15.550506,0.07
2024-11-19 14:01:16.555573,0.07
2024-11-19 14:01:17.555682,0.07
2024-11-19 14:01:18.561831,0.05
2024-11-19 14:01:19.568067,0.07
2024-11-19 14:01:20.573263,0.05
2024-11-19 14:01:21.573553,0.07
2024-11-19 14:01:22.579476,0.05
2024-11-19 14:01:23.579432,0.05
2024-11-19 14:01:24.585346,0.05
2024-11-19 14:01:25.590817,0.05
2024-11-19 14:01:26.584442,0.05
2024-11-19 14:01:27.597105,0.05
2024-11-19 14:01:28.597163,0.05
2024-11-19 14:01:29.603142,0.07
2024-11-19 14:01:30.608850,0.07
2024-11-19 14:01:31.615134,0.05
2024-11-19 14:01:32.614966,0.05
2024-11-19 14:01:33.608003,0.07
2024-11-19 14:01:34.623937,0.07
2024-11-19 14:01:35.626889,0.07
2024-11-19 14:01:36.622796,0.07
2024-11-19 14:01:37.632777,0.07
2024-11-19 14:01:38.628064,0.05
2024-11-19 14:01:39.638156,0.05
2024-11-19 14:01:40.645241,0.05
2024-11-19 14:01:41.650480,0.05
2024-11-19 14:01:42.656361,0.05
2024-11-19 14:01:43.656295,0.05
2024-11-19 14:01:44.662170,0.05
2024-11-19 14:01:45.662169,0.07
2024-11-19 14:01:46.668072,0.05
2024-11-19 14:01:47.668410,0.05
2024-11-19 14:01:48.674083,0.05
2024-11-19 14:01:49.680641,0.05
2024-11-19 14:01:50.679877,0.07
2024-11-19 14:01:51.686404,0.05
2024-11-19 14:01:52.692298,0.05
2024-11-19 14:01:53.697541,0.07
2024-11-19 14:01:54.698424,0.07
2024-11-19 14:01:55.703580,0.05
2024-11-19 14:01:56.703397,0.07
2024-11-19 14:01:57.710639,0.05
2024-11-19 14:01:58.715252,0.05
2024-11-19 14:01:59.718818,0.05
2024-11-19 14:02:00.721107,0.05
2024-11-19 14:02:01.721927,0.05
2024-11-19 14:02:02.726954,0.05
2024-11-19 14:02:03.734556,0.05
2024-11-19 14:02:04.738954,0.05
2024-11-19 14:02:05.738815,0.05
2024-11-19 14:02:06.745712,0.07
2024-11-19 14:02:07.746133,0.05
2024-11-19 14:02:08.738564,0.05
2024-11-19 14:02:09.756988,0.05
2024-11-19 14:02:10.757049,0.05
2024-11-19 14:02:11.762546,0.05
2024-11-19 14:02:12.763183,0.07
2024-11-19 14:02:13.768879,0.05
2024-11-19 14:02:14.773800,0.05
2024-11-19 14:02:15.780850,0.05
2024-11-19 14:02:16.781531,0.05
2024-11-19 14:02:17.787012,0.07
2024-11-19 14:02:18.787085,0.05
2024-11-19 14:02:19.792578,0.05
2024-11-19 14:02:20.798039,0.05
2024-11-19 14:02:21.798884,0.05
2024-11-19 14:02:22.804491,0.07
2024-11-19 14:02:23.804384,0.05
2024-11-19 14:02:24.810112,0.05
2024-11-19 14:02:25.815395,0.05
2024-11-19 14:02:26.822186,0.05
2024-11-19 14:02:27.822011,0.05
2024-11-19 14:02:28.829727,0.05
2024-11-19 14:02:29.833065,0.05
2024-11-19 14:02:30.836488,0.07
2024-11-19 14:02:31.839421,0.05
2024-11-19 14:02:32.840226,0.05
2024-11-19 14:02:33.837020,0.05
2024-11-19 14:02:34.845616,0.05
2024-11-19 14:02:35.853276,0.05
2024-11-19 14:02:36.857331,0.05
2024-11-19 14:02:37.864077,0.05
2024-11-19 14:02:38.863556,0.05
2024-11-19 14:02:39.869538,0.05
2024-11-19 14:02:40.869567,0.05
2024-11-19 14:02:41.878005,0.05
2024-11-19 14:02:42.881311,0.05
2024-11-19 14:02:43.881003,0.05
2024-11-19 14:02:44.888197,0.05
2024-11-19 14:02:45.891580,0.05
2024-11-19 14:02:46.894536,0.05
2024-11-19 14:02:47.897633,0.05
2024-11-19 14:02:48.901802,0.07
2024-11-19 14:02:49.908698,0.05
2024-11-19 14:02:50.912690,0.05
2024-11-19 14:02:51.916127,0.05
2024-11-19 14:02:52.919501,0.05
2024-11-19 14:02:53.921689,0.07
2024-11-19 14:02:54.926316,0.07
2024-11-19 14:02:55.929714,0.05
2024-11-19 14:02:56.933101,0.05
2024-11-19 14:02:57.936502,0.05
2024-11-19 14:02:58.939780,0.07
2024-11-19 14:02:59.943314,0.07
2024-11-19 14:03:00.950800,0.05
2024-11-19 14:03:01.953592,0.05
2024-11-19 14:03:02.957358,0.05
2024-11-19 14:03:03.961014,0.05
2024-11-19 14:03:04.964493,0.07
2024-11-19 14:03:05.967802,0.05
2024-11-19 14:03:06.971211,0.07
2024-11-19 14:03:07.974614,0.05
2024-11-19 14:03:08.978100,0.05
2024-11-19 14:03:09.981206,0.05
2024-11-19 14:03:10.984837,0.05
2024-11-19 14:03:11.992313,0.05
2024-11-19 14:03:12.995696,0.05
2024-11-19 14:03:13.999026,0.05
2024-11-19 14:03:15.002506,0.05
2024-11-19 14:03:16.005235,0.05
2024-11-19 14:03:17.004480,0.07
2024-11-19 14:03:18.011189,0.05
2024-11-19 14:03:19.011291,0.07
2024-11-19 14:03:20.016956,0.05
2024-11-19 14:03:21.022791,0.05
2024-11-19 14:03:22.023440,0.05
2024-11-19 14:03:23.028887,0.05
2024-11-19 14:03:24.034787,0.05
2024-11-19 14:03:25.040676,0.05
2024-11-19 14:03:26.032322,0.05
2024-11-19 14:03:27.046832,0.07
2024-11-19 14:03:28.046535,0.05
2024-11-19 14:03:29.052556,0.05
2024-11-19 14:03:30.052468,0.05
2024-11-19 14:03:31.058385,0.05
2024-11-19 14:03:32.055724,0.07
2024-11-19 14:03:33.065299,0.07
2024-11-19 14:03:34.071078,0.05
2024-11-19 14:03:35.077990,0.05
2024-11-19 14:03:36.082057,0.05
2024-11-19 14:03:37.082047,0.05
2024-11-19 14:03:38.088394,0.05
2024-11-19 14:03:39.088275,0.05
2024-11-19 14:03:40.094373,0.05
2024-11-19 14:03:41.093880,0.05
2024-11-19 14:03:42.098553,0.07
2024-11-19 14:03:43.093792,0.07
2024-11-19 14:03:44.105980,0.05
2024-11-19 14:03:45.112016,0.05
2024-11-19 14:03:46.106935,0.05
2024-11-19 14:03:47.123548,0.05
2024-11-19 14:03:48.123907,0.05
2024-11-19 14:03:49.129931,0.05
2024-11-19 14:03:50.130037,0.05
2024-11-19 14:03:51.135968,0.05
2024-11-19 14:03:52.135778,0.05
2024-11-19 14:03:53.141466,0.05
2024-11-19 14:03:54.141916,0.05
2024-11-19 14:03:55.147553,0.05
2024-11-19 14:03:56.153554,0.07
2024-11-19 14:03:57.153108,0.05
2024-11-19 14:03:58.164985,0.05
2024-11-19 14:03:59.166101,0.07
2024-11-19 14:04:00.171333,0.05
2024-11-19 14:04:01.171172,0.05
2024-11-19 14:04:02.177237,0.05
2024-11-19 14:04:03.177036,0.05
2024-11-19 14:04:04.182990,0.05
2024-11-19 14:04:05.188702,0.05
2024-11-19 14:04:06.188815,0.07
2024-11-19 14:04:07.194677,0.05
2024-11-19 14:04:08.194415,0.05
2024-11-19 14:04:09.206339,0.05
2024-11-19 14:04:10.206447,0.07
2024-11-19 14:04:11.212878,0.07
2024-11-19 14:04:12.212295,0.05
2024-11-19 14:04:13.218732,0.05
2024-11-19 14:04:14.223410,0.05
2024-11-19 14:04:15.224463,0.05
2024-11-19 14:04:16.230132,0.05
2024-11-19 14:04:17.230509,0.05
2024-11-19 14:04:18.236515,0.05
2024-11-19 14:04:19.236651,0.05
2024-11-19 14:04:20.248223,0.05
2024-11-19 14:04:21.248214,0.05
2024-11-19 14:04:22.254230,0.07
2024-11-19 14:04:23.254424,0.05
2024-11-19 14:04:24.260119,0.05
2024-11-19 14:04:25.259587,0.05
2024-11-19 14:04:26.265797,0.07
2024-11-19 14:04:27.266287,0.05
2024-11-19 14:04:28.264457,0.05
2024-11-19 14:04:29.278313,0.05
2024-11-19 14:04:30.277570,0.05
2024-11-19 14:04:31.289278,0.05
2024-11-19 14:04:32.290661,0.05
2024-11-19 14:04:33.295519,0.05
2024-11-19 14:04:34.295278,0.05
2024-11-19 14:04:35.301143,0.05
2024-11-19 14:04:36.306990,0.05
2024-11-19 14:04:37.308497,0.05
2024-11-19 14:04:38.307787,0.07
2024-11-19 14:04:39.313074,0.05
2024-11-19 14:04:40.319183,0.07
2024-11-19 14:04:41.323209,0.05
2024-11-19 14:04:42.325127,0.05
2024-11-19 14:04:43.331110,0.05
2024-11-19 14:04:44.328116,0.07
2024-11-19 14:04:45.336852,0.05
2024-11-19 14:04:46.342520,0.05
2024-11-19 14:04:47.342810,0.05
2024-11-19 14:04:48.348723,0.05
2024-11-19 14:04:49.352052,0.05
2024-11-19 14:04:50.354650,0.05
2024-11-19 14:04:51.360837,0.05
2024-11-19 14:04:52.363789,0.05
2024-11-19 14:04:53.366631,0.05
2024-11-19 14:04:54.375983,0.05
2024-11-19 14:04:55.378589,0.05
2024-11-19 14:04:56.378392,0.05
2024-11-19 14:04:57.384134,0.05
2024-11-19 14:04:58.389823,0.05
2024-11-19 14:04:59.390117,0.05
2024-11-19 14:05:00.390735,0.05
2024-11-19 14:05:01.396364,0.05
2024-11-19 14:05:02.396350,0.05
2024-11-19 14:05:03.401667,0.05
2024-11-19 14:05:04.407546,0.07
2024-11-19 14:05:05.415301,0.05
2024-11-19 14:05:06.420086,0.05
2024-11-19 14:05:07.420265,0.07
2024-11-19 14:05:08.427666,0.05
2024-11-19 14:05:09.425558,0.05
2024-11-19 14:05:10.431838,0.05
2024-11-19 14:05:11.437191,0.05
2024-11-19 14:05:12.437645,0.05
2024-11-19 14:05:13.443509,0.05
2024-11-19 14:05:14.443301,0.05
2024-11-19 14:05:15.449396,0.05
2024-11-19 14:05:16.454947,0.05
2024-11-19 14:05:17.461838,0.05
2024-11-19 14:05:18.461195,0.05
2024-11-19 14:05:19.467181,0.05
2024-11-19 14:05:20.472803,0.07
2024-11-19 14:05:21.473042,0.05
2024-11-19 14:05:22.478672,0.05
2024-11-19 14:05:23.478981,0.05
2024-11-19 14:05:24.485017,0.05
2024-11-19 14:05:25.484772,0.05
2024-11-19 14:05:26.490391,0.05
2024-11-19 14:05:27.496227,0.05
2024-11-19 14:05:28.502794,0.05
2024-11-19 14:05:29.503474,0.05
2024-11-19 14:05:30.508463,0.05
2024-11-19 14:05:31.514436,0.05
2024-11-19 14:05:32.514695,0.05
2024-11-19 14:05:33.520788,0.07
2024-11-19 14:05:34.520335,0.07
2024-11-19 14:05:35.526926,0.07
2024-11-19 14:05:36.526033,0.05
2024-11-19 14:05:37.532445,0.05
2024-11-19 14:05:38.538256,0.05
2024-11-19 14:05:39.543784,0.05
2024-11-19 14:05:40.544213,0.05
2024-11-19 14:05:41.551317,0.05
2024-11-19 14:05:42.553789,0.05
2024-11-19 14:05:43.556528,0.05
2024-11-19 14:05:44.560569,0.07
2024-11-19 14:05:45.561756,0.05
2024-11-19 14:05:46.567827,0.05
2024-11-19 14:05:47.568204,0.07
2024-11-19 14:05:48.574317,0.05
2024-11-19 14:05:49.577956,0.05
2024-11-19 14:05:50.579220,0.05
2024-11-19 14:05:51.586692,0.05
2024-11-19 14:05:52.591363,0.05
2024-11-19 14:05:53.597356,0.05
2024-11-19 14:05:54.597165,0.05
2024-11-19 14:05:55.603542,0.05
2024-11-19 14:05:56.603927,0.05
2024-11-19 14:05:57.609128,0.05
2024-11-19 14:05:58.612543,0.05
2024-11-19 14:05:59.617016,0.05
2024-11-19 14:06:00.620087,0.05
2024-11-19 14:06:01.622611,0.05
2024-11-19 14:06:02.622485,0.05
2024-11-19 14:06:03.628407,0.05
2024-11-19 14:06:04.634166,0.05
2024-11-19 14:06:05.639019,0.05
2024-11-19 14:06:06.636455,0.07
2024-11-19 14:06:07.639485,0.07
2024-11-19 14:06:08.651079,0.05
2024-11-19 14:06:09.655736,0.05
2024-11-19 14:06:10.657024,0.05
2024-11-19 14:06:11.662104,0.05
2024-11-19 14:06:12.654573,0.07
2024-11-19 14:06:13.662701,0.05
2024-11-19 14:06:14.676666,0.05
2024-11-19 14:06:15.678236,0.05
2024-11-19 14:06:16.683846,0.05
2024-11-19 14:06:17.686165,0.05
2024-11-19 14:06:18.687131,0.05
2024-11-19 14:06:19.692243,0.05
2024-11-19 14:06:20.694432,0.05
2024-11-19 14:06:21.697800,0.05
2024-11-19 14:06:22.703351,0.05
2024-11-19 14:06:23.704176,0.05
2024-11-19 14:06:24.710299,0.05
2024-11-19 14:06:25.715654,0.07
2024-11-19 14:06:26.721760,0.07
2024-11-19 14:06:27.713143,0.05
2024-11-19 14:06:28.720490,0.05
2024-11-19 14:06:29.717549,0.05
2024-11-19 14:06:30.733937,0.05
2024-11-19 14:06:31.728462,0.05
2024-11-19 14:06:32.733560,0.05
2024-11-19 14:06:33.737364,0.05
2024-11-19 14:06:34.747211,0.05
2024-11-19 14:06:35.741338,0.05
2024-11-19 14:06:36.750320,0.07
2024-11-19 14:06:37.750583,0.05
2024-11-19 14:06:38.766186,0.07
2024-11-19 14:06:39.769677,0.07
2024-11-19 14:06:40.758926,0.05
2024-11-19 14:06:41.772931,0.05
2024-11-19 14:06:42.771991,0.05
2024-11-19 14:06:43.775262,0.05
2024-11-19 14:06:44.778227,0.05
2024-11-19 14:06:45.778810,0.05
2024-11-19 14:06:46.792220,0.05
2024-11-19 14:06:47.791824,0.05
2024-11-19 14:06:48.803503,0.05
2024-11-19 14:06:49.807805,0.05
2024-11-19 14:06:50.808179,0.05
2024-11-19 14:06:51.813693,0.05
2024-11-19 14:06:52.807691,0.05
2024-11-19 14:06:53.817948,0.05
2024-11-19 14:06:54.813603,0.05
2024-11-19 14:06:55.815367,0.05
2024-11-19 14:06:56.823628,0.05
2024-11-19 14:06:57.821327,0.07
2024-11-19 14:06:58.825739,0.05
2024-11-19 14:06:59.837645,0.05
2024-11-19 14:07:00.840196,0.07
2024-11-19 14:07:01.838153,0.05
2024-11-19 14:07:02.856651,0.05
2024-11-19 14:07:03.858449,0.05
2024-11-19 14:07:04.857528,0.05
2024-11-19 14:07:05.854944,0.07
2024-11-19 14:07:06.867646,0.05
2024-11-19 14:07:07.872456,0.05
2024-11-19 14:07:08.868716,0.05
2024-11-19 14:07:09.878268,0.05
2024-11-19 14:07:10.875539,0.05
2024-11-19 14:07:11.884360,0.05
2024-11-19 14:07:12.886036,0.07
2024-11-19 14:07:13.892107,0.05
2024-11-19 14:07:14.890751,0.05
2024-11-19 14:07:15.901663,0.05
2024-11-19 14:07:16.903553,0.05
2024-11-19 14:07:17.899635,0.05
2024-11-19 14:07:18.910749,0.07
2024-11-19 14:07:19.912051,0.07
2024-11-19 14:07:20.915213,0.05
2024-11-19 14:07:21.916760,0.07
2024-11-19 14:07:22.922137,0.07
2024-11-19 14:07:23.930985,0.07
2024-11-19 14:07:24.931404,0.07
2024-11-19 14:07:25.932964,0.05
2024-11-19 14:07:26.941164,0.05
2024-11-19 14:07:27.940915,0.07
2024-11-19 14:07:28.945343,0.05
2024-11-19 14:07:29.946272,0.05
2024-11-19 14:07:30.959939,0.07
2024-11-19 14:07:31.959405,0.05
2024-11-19 14:07:32.963010,0.05
2024-11-19 14:07:33.966123,0.07
2024-11-19 14:07:34.971712,0.07
2024-11-19 14:07:35.966320,0.07
2024-11-19 14:07:36.982846,0.07
2024-11-19 14:07:37.988331,0.05
2024-11-19 14:07:38.987986,0.05
2024-11-19 14:07:39.993248,0.05
2024-11-19 14:07:40.995911,0.05
2024-11-19 14:07:41.991416,0.05
2024-11-19 14:07:42.999188,0.05
2024-11-19 14:07:43.999823,0.05
2024-11-19 14:07:45.011627,0.05
2024-11-19 14:07:46.015818,0.05
2024-11-19 14:07:47.022651,0.05
2024-11-19 14:07:48.019065,0.05
2024-11-19 14:07:49.025413,0.05
2024-11-19 14:07:50.026576,0.05
2024-11-19 14:07:51.022664,0.05
2024-11-19 14:07:52.036094,0.05
2024-11-19 14:07:53.034647,0.05
2024-11-19 14:07:54.045233,0.05
2024-11-19 14:07:55.046517,0.05
2024-11-19 14:07:56.042116,0.05
2024-11-19 14:07:57.052232,0.05
2024-11-19 14:07:58.062413,0.07
2024-11-19 14:07:59.063152,0.05
2024-11-19 14:08:00.070642,0.05
2024-11-19 14:08:01.066688,0.05
2024-11-19 14:08:02.077881,0.05
2024-11-19 14:08:03.071683,0.05
2024-11-19 14:08:04.075012,0.05
2024-11-19 14:08:05.081264,0.05
2024-11-19 14:08:06.078946,0.05
2024-11-19 14:08:07.083961,0.05
2024-11-19 14:08:08.092697,0.05
2024-11-19 14:08:09.105716,0.05
2024-11-19 14:08:10.107969,0.05
2024-11-19 14:08:11.108836,0.05
2024-11-19 14:08:12.115774,0.07
2024-11-19 14:08:13.112252,0.07
2024-11-19 14:08:14.122899,0.07
2024-11-19 14:08:15.118399,0.05
2024-11-19 14:08:16.120513,0.07
2024-11-19 14:08:17.117892,0.05
2024-11-19 14:08:18.129527,0.05
2024-11-19 14:08:19.126908,0.05
2024-11-19 14:08:20.144827,0.05
2024-11-19 14:08:21.146924,0.05
2024-11-19 14:08:22.151180,0.05
2024-11-19 14:08:23.143689,0.05
2024-11-19 14:08:24.149828,0.05
2024-11-19 14:08:25.158118,0.05
2024-11-19 14:08:26.154159,0.05
2024-11-19 14:08:27.158194,0.05
2024-11-19 14:08:28.171550,0.07
2024-11-19 14:08:29.169529,0.05
2024-11-19 14:08:30.180647,0.05
2024-11-19 14:08:31.185117,0.05
2024-11-19 14:08:32.191124,0.05
2024-11-19 14:08:33.195155,0.05
2024-11-19 14:08:34.195769,0.05
2024-11-19 14:08:35.201043,0.05
2024-11-19 14:08:36.201198,0.07
2024-11-19 14:08:37.206625,0.07
2024-11-19 14:08:38.212386,0.07
2024-11-19 14:08:39.212753,0.05
2024-11-19 14:08:40.218679,0.05
2024-11-19 14:08:41.218704,0.05
2024-11-19 14:08:42.224768,0.05
2024-11-19 14:08:43.230671,0.05
2024-11-19 14:08:44.236630,0.05
2024-11-19 14:08:45.237012,0.05
2024-11-19 14:08:46.242335,0.05
2024-11-19 14:08:47.236674,0.05
2024-11-19 14:08:48.237407,0.05
2024-11-19 14:08:49.253842,0.05
2024-11-19 14:08:50.249062,0.05
2024-11-19 14:08:51.260203,0.05
2024-11-19 14:08:52.260063,0.05
2024-11-19 14:08:53.266116,0.05
2024-11-19 14:08:54.272071,0.05
2024-11-19 14:08:55.271992,0.05
2024-11-19 14:08:56.277823,0.07
2024-11-19 14:08:57.283923,0.07
2024-11-19 14:08:58.285740,0.05
2024-11-19 14:08:59.289572,0.05
2024-11-19 14:09:00.295325,0.05
2024-11-19 14:09:01.295541,0.05
2024-11-19 14:09:02.301233,0.07
2024-11-19 14:09:03.301810,0.07
2024-11-19 14:09:04.307096,0.05
2024-11-19 14:09:05.313459,0.05
2024-11-19 14:09:06.319096,0.05
2024-11-19 14:09:07.319403,0.05
2024-11-19 14:09:08.325305,0.05
2024-11-19 14:09:09.326486,0.07
2024-11-19 14:09:10.331144,0.07
2024-11-19 14:09:11.330978,0.07
2024-11-19 14:09:12.337127,0.05
2024-11-19 14:09:13.343082,0.05
2024-11-19 14:09:14.342892,0.05
2024-11-19 14:09:15.348720,0.05
2024-11-19 14:09:16.349099,0.07
2024-11-19 14:09:17.360745,0.05
2024-11-19 14:09:18.360393,0.05
2024-11-19 14:09:19.366602,0.05
2024-11-19 14:09:20.366292,0.05
2024-11-19 14:09:21.372322,0.05
2024-11-19 14:09:22.373103,0.05
2024-11-19 14:09:23.366634,0.05
2024-11-19 14:09:24.384499,0.05
2024-11-19 14:09:25.384122,0.05
2024-11-19 14:09:26.390896,0.05
2024-11-19 14:09:27.390233,0.05
2024-11-19 14:09:28.401926,0.05
2024-11-19 14:09:29.402162,0.05
2024-11-19 14:09:30.408324,0.05
2024-11-19 14:09:31.407720,0.05
2024-11-19 14:09:32.414125,0.05
2024-11-19 14:09:33.419592,0.05
2024-11-19 14:09:34.419848,0.05
2024-11-19 14:09:35.426000,0.05
2024-11-19 14:09:36.425485,0.05
2024-11-19 14:09:37.432960,0.07
2024-11-19 14:09:38.431312,0.07
2024-11-19 14:09:39.437241,0.05
2024-11-19 14:09:40.443251,0.05
2024-11-19 14:09:41.449316,0.05
2024-11-19 14:09:42.448987,0.05
2024-11-19 14:09:43.455099,0.05
2024-11-19 14:09:44.461015,0.05
2024-11-19 14:09:45.461195,0.05
2024-11-19 14:09:46.466931,0.05
2024-11-19 14:09:47.467313,0.05
2024-11-19 14:09:48.472816,0.05
2024-11-19 14:09:49.469333,0.05
2024-11-19 14:09:50.478664,0.05
2024-11-19 14:09:51.484604,0.05
2024-11-19 14:09:52.490707,0.05
2024-11-19 14:09:53.491970,0.05
2024-11-19 14:09:54.497663,0.07
2024-11-19 14:09:55.502424,0.07
2024-11-19 14:09:56.502522,0.07
2024-11-19 14:09:57.508783,0.05
2024-11-19 14:09:58.508516,0.05
2024-11-19 14:09:59.508860,0.05
2024-11-19 14:10:00.520180,0.05
2024-11-19 14:10:01.520341,0.05
2024-11-19 14:10:02.526361,0.07
2024-11-19 14:10:03.532426,0.07
2024-11-19 14:10:04.531955,0.07
2024-11-19 14:10:05.538561,0.05
2024-11-19 14:10:06.544375,0.05
2024-11-19 14:10:07.547835,0.05
2024-11-19 14:10:08.549946,0.05
2024-11-19 14:10:09.550021,0.05
2024-11-19 14:10:10.556153,0.07
2024-11-19 14:10:11.556440,0.05
2024-11-19 14:10:12.562688,0.05
2024-11-19 14:10:13.568028,0.05
2024-11-19 14:10:14.573755,0.05
2024-11-19 14:10:15.573703,0.05
2024-11-19 14:10:16.579617,0.07
2024-11-19 14:10:17.585623,0.05
2024-11-19 14:10:18.585674,0.05
2024-11-19 14:10:19.591576,0.07
2024-11-19 14:10:20.592331,0.07
2024-11-19 14:10:21.588685,0.05
2024-11-19 14:10:22.603047,0.05
2024-11-19 14:10:23.602915,0.05
2024-11-19 14:10:24.609217,0.05
2024-11-19 14:10:25.615857,0.05
2024-11-19 14:10:26.615486,0.05
2024-11-19 14:10:27.620748,0.05
2024-11-19 14:10:28.627761,0.05
2024-11-19 14:10:29.627273,0.05
2024-11-19 14:10:30.633563,0.05
2024-11-19 14:10:31.633304,0.05
2024-11-19 14:10:32.639028,0.05
2024-11-19 14:10:33.644492,0.05
2024-11-19 14:10:34.645015,0.05
2024-11-19 14:10:35.650380,0.05
2024-11-19 14:10:36.656568,0.07
2024-11-19 14:10:37.662220,0.07
2024-11-19 14:10:38.662590,0.05
2024-11-19 14:10:39.668227,0.05
2024-11-19 14:10:40.660338,0.05
2024-11-19 14:10:41.674784,0.05
2024-11-19 14:10:42.674662,0.05
2024-11-19 14:10:43.680139,0.07
2024-11-19 14:10:44.685941,0.05
2024-11-19 14:10:45.685994,0.05
2024-11-19 14:10:46.692327,0.05
2024-11-19 14:10:47.692145,0.05
2024-11-19 14:10:48.703757,0.05
2024-11-19 14:10:49.704566,0.07
2024-11-19 14:10:50.709853,0.05
2024-11-19 14:10:51.710416,0.05
2024-11-19 14:10:52.716037,0.07
2024-11-19 14:10:53.715783,0.05
2024-11-19 14:10:54.721604,0.05
2024-11-19 14:10:55.727258,0.05
2024-11-19 14:10:56.727650,0.05
2024-11-19 14:10:57.733644,0.05
2024-11-19 14:10:58.733563,0.05
2024-11-19 14:10:59.745111,0.05
2024-11-19 14:11:00.745711,0.05
2024-11-19 14:11:01.751146,0.05
2024-11-19 14:11:02.749061,0.05
2024-11-19 14:11:03.757465,0.05
2024-11-19 14:11:04.760172,0.05
2024-11-19 14:11:05.763229,0.05
2024-11-19 14:11:06.768682,0.05
2024-11-19 14:11:07.769035,0.05
2024-11-19 14:11:08.764688,0.05
2024-11-19 14:11:09.774947,0.05
2024-11-19 14:11:10.786501,0.05
2024-11-19 14:11:11.787144,0.05
2024-11-19 14:11:12.793013,0.05
2024-11-19 14:11:13.793069,0.05
2024-11-19 14:11:14.798696,0.05
2024-11-19 14:11:15.798235,0.05
2024-11-19 14:11:16.804431,0.05
2024-11-19 14:11:17.810677,0.05
2024-11-19 14:11:18.811364,0.05
2024-11-19 14:11:19.809127,0.05
2024-11-19 14:11:20.816335,0.05
2024-11-19 14:11:21.822709,0.07
2024-11-19 14:11:22.828373,0.07
2024-11-19 14:11:23.833127,0.07
2024-11-19 14:11:24.834227,0.05
2024-11-19 14:11:25.840192,0.05
2024-11-19 14:11:26.839746,0.05
2024-11-19 14:11:27.846940,0.05
2024-11-19 14:11:28.851815,0.05
2024-11-19 14:11:29.852817,0.05
2024-11-19 14:11:30.857860,0.05
2024-11-19 14:11:31.857818,0.05
2024-11-19 14:11:32.863949,0.05
2024-11-19 14:11:33.869690,0.05
2024-11-19 14:11:34.875751,0.05
2024-11-19 14:11:35.875689,0.05
2024-11-19 14:11:36.868506,0.05
2024-11-19 14:11:37.881721,0.05
2024-11-19 14:11:38.887583,0.05
2024-11-19 14:11:39.893536,0.05
2024-11-19 14:11:40.893429,0.05
2024-11-19 14:11:41.899290,0.05
2024-11-19 14:11:42.899358,0.05
2024-11-19 14:11:43.905175,0.05
2024-11-19 14:11:44.905669,0.03
2024-11-19 14:11:45.916989,0.05
2024-11-19 14:11:46.917103,0.05
2024-11-19 14:11:47.923426,0.05
2024-11-19 14:11:48.922953,0.05
2024-11-19 14:11:49.929313,0.05
2024-11-19 14:11:50.934825,0.05
2024-11-19 14:11:51.934804,0.05
2024-11-19 14:11:52.941405,0.07
2024-11-19 14:11:53.939622,0.05
2024-11-19 14:11:54.947013,0.05
2024-11-19 14:11:55.947947,0.05
2024-11-19 14:11:56.958180,0.05
2024-11-19 14:11:57.947782,0.05
2024-11-19 14:11:58.964755,0.05
2024-11-19 14:11:59.964049,0.05
2024-11-19 14:12:00.970797,0.05
2024-11-19 14:12:01.976180,0.05
2024-11-19 14:12:02.976341,0.07
2024-11-19 14:12:03.982938,0.05
2024-11-19 14:12:04.981481,0.05
2024-11-19 14:12:05.987922,0.05
2024-11-19 14:12:06.987863,0.05
2024-11-19 14:12:08.000312,0.07
2024-11-19 14:12:08.999531,0.05
2024-11-19 14:12:10.005946,0.05
2024-11-19 14:12:11.011403,0.05
2024-11-19 14:12:12.011894,0.05
2024-11-19 14:12:13.017825,0.05
2024-11-19 14:12:14.018025,0.05
2024-11-19 14:12:15.023906,0.07
2024-11-19 14:12:16.023563,0.05
2024-11-19 14:12:17.031476,0.05
2024-11-19 14:12:18.035287,0.05
2024-11-19 14:12:19.038197,0.05
2024-11-19 14:12:20.034893,0.05
2024-11-19 14:12:21.047269,0.05
2024-11-19 14:12:22.052797,0.05
2024-11-19 14:12:23.053071,0.05
2024-11-19 14:12:24.059067,0.05
2024-11-19 14:12:25.059112,0.05
2024-11-19 14:12:26.054296,0.07
2024-11-19 14:12:27.064873,0.05
2024-11-19 14:12:28.066825,0.05
2024-11-19 14:12:29.076446,0.05
2024-11-19 14:12:30.076955,0.05
2024-11-19 14:12:31.080105,0.05
2024-11-19 14:12:32.088679,0.05
2024-11-19 14:12:33.094215,0.05
2024-11-19 14:12:34.094194,0.05
2024-11-19 14:12:35.100290,0.05
2024-11-19 14:12:36.100369,0.05
2024-11-19 14:12:37.106385,0.05
2024-11-19 14:12:38.106409,0.05
2024-11-19 14:12:39.111961,0.05
2024-11-19 14:12:40.118252,0.07
2024-11-19 14:12:41.118191,0.07
2024-11-19 14:12:42.124229,0.07
2024-11-19 14:12:43.130699,0.05
2024-11-19 14:12:44.135659,0.05
2024-11-19 14:12:45.136145,0.05
2024-11-19 14:12:46.141947,0.05
2024-11-19 14:12:47.143066,0.07
2024-11-19 14:12:48.147864,0.05
2024-11-19 14:12:49.148254,0.05
2024-11-19 14:12:50.153744,0.05
2024-11-19 14:12:51.159887,0.05
2024-11-19 14:12:52.159715,0.05
2024-11-19 14:12:53.165788,0.05
2024-11-19 14:12:54.171869,0.05
2024-11-19 14:12:55.177107,0.05
2024-11-19 14:12:56.180279,0.05
2024-11-19 14:12:57.183474,0.05
2024-11-19 14:12:58.183544,0.05
2024-11-19 14:12:59.189359,0.07
2024-11-19 14:13:00.189346,0.05
2024-11-19 14:13:01.195903,0.07
2024-11-19 14:13:02.201243,0.05
2024-11-19 14:13:03.201424,0.05
2024-11-19 14:13:04.206714,0.05
2024-11-19 14:13:05.212629,0.05
2024-11-19 14:13:06.218578,0.05
2024-11-19 14:13:07.218886,0.05
2024-11-19 14:13:08.225106,0.05
2024-11-19 14:13:09.224689,0.05
2024-11-19 14:13:10.230442,0.05
2024-11-19 14:13:11.230639,0.05
2024-11-19 14:13:12.236848,0.05
2024-11-19 14:13:13.242245,0.07
2024-11-19 14:13:14.242608,0.07
2024-11-19 14:13:15.248657,0.05
2024-11-19 14:13:16.245555,0.05
2024-11-19 14:13:17.260039,0.05
2024-11-19 14:13:18.260345,0.05
2024-11-19 14:13:19.266826,0.05
2024-11-19 14:13:20.266225,0.05
2024-11-19 14:13:21.272243,0.05
2024-11-19 14:13:22.272039,0.07
2024-11-19 14:13:23.278370,0.05
2024-11-19 14:13:24.283718,0.07
2024-11-19 14:13:25.283917,0.05
2024-11-19 14:13:26.289882,0.05
2024-11-19 14:13:27.289896,0.05
2024-11-19 14:13:28.301880,0.05
2024-11-19 14:13:29.301625,0.05
2024-11-19 14:13:30.298737,0.05
2024-11-19 14:13:31.307246,0.05
2024-11-19 14:13:32.313425,0.05
2024-11-19 14:13:33.313730,0.05
2024-11-19 14:13:34.319085,0.05
2024-11-19 14:13:35.325074,0.05
2024-11-19 14:13:36.329176,0.05
2024-11-19 14:13:37.331040,0.05
2024-11-19 14:13:38.331159,0.05
2024-11-19 14:13:39.343505,0.05
2024-11-19 14:13:40.343087,0.05
2024-11-19 14:13:41.349047,0.05
2024-11-19 14:13:42.349110,0.05
2024-11-19 14:13:43.355407,0.05
2024-11-19 14:13:44.359976,0.05
2024-11-19 14:13:45.363810,0.05
2024-11-19 14:13:46.367010,0.05
2024-11-19 14:13:47.370675,0.05
2024-11-19 14:13:48.374061,0.05
2024-11-19 14:13:49.377492,0.07
2024-11-19 14:13:50.380865,0.07
2024-11-19 14:13:51.388311,0.05
2024-11-19 14:13:52.391711,0.05
2024-11-19 14:13:53.395209,0.05
2024-11-19 14:13:54.398501,0.05
2024-11-19 14:13:55.401729,0.05
2024-11-19 14:13:56.405385,0.07
2024-11-19 14:13:57.408636,0.05
2024-11-19 14:13:58.412203,0.05
2024-11-19 14:13:59.415538,0.05
2024-11-19 14:14:00.418952,0.05
2024-11-19 14:14:01.422332,0.05
2024-11-19 14:14:02.429481,0.05
2024-11-19 14:14:03.432682,0.05
2024-11-19 14:14:04.436622,0.05
2024-11-19 14:14:05.439630,0.05
2024-11-19 14:14:06.443105,0.05
2024-11-19 14:14:07.446823,0.05
2024-11-19 14:14:08.450057,0.05
2024-11-19 14:14:09.453127,0.05
2024-11-19 14:14:10.457039,0.07
2024-11-19 14:14:11.460453,0.05
2024-11-19 14:14:12.463569,0.05
2024-11-19 14:14:13.470667,0.05
2024-11-19 14:14:14.474717,0.05
2024-11-19 14:14:15.478149,0.05
2024-11-19 14:14:16.481552,0.05
2024-11-19 14:14:17.484685,0.05
2024-11-19 14:14:18.488336,0.05
2024-11-19 14:14:19.491426,0.07
2024-11-19 14:14:20.494430,0.05
2024-11-19 14:14:21.498538,0.05
2024-11-19 14:14:22.501940,0.05
2024-11-19 14:14:23.504816,0.05
2024-11-19 14:14:24.508797,0.07
2024-11-19 14:14:25.515976,0.05
2024-11-19 14:14:26.518948,0.05
2024-11-19 14:14:27.522826,0.05
